FacebookPost,PageName,Message,ImageUrl,ScheduledTime
1,Luxshi,Deal 4,luxsideal4.1.jpeg,24-09-2021 12:15
1,Luxshi,Deal 4,luxsideal4.2.jpeg,24-09-2021 12:16
1,Luxshi,Deal 4,luxsideal4.3.jpeg,24-09-2021 12:17
1,Luxshi,Deal 4,luxsideal4.4.jpeg,24-09-2021 12:18
1,Luxshi,Deal 4,luxsideal4.5.jpeg,24-09-2021 12:19
1,Luxshi,Deal 4,luxsideal4.6.jpeg,24-09-2021 12:20
1,Luxshi,Deal 4,luxsideal4.7.jpeg,24-09-2021 12:21
1,Luxshi,Deal 4,luxsideal4.8.jpeg,24-09-2021 12:22
1,Luxshi,Deal 4,luxsideal4.9.jpeg,24-09-2021 12:23
1,Luxshi,Deal 4,luxsideal4.10.jpeg,24-09-2021 12:24
1,Luxshi,Deal 4,luxsideal4.11.jpeg,24-09-2021 12:25
1,Luxshi,Deal 4,luxsideal4.12.jpeg,24-09-2021 12:26